link,type
https://www.glassdoor.com/Job/json/details.htm?pos=101&ao=586841&s=149&guid=0000017101eeac66a7feb5938d4426a8&src=GD_JOB_AD&t=SRFJ&extid=4&exst=E&ist=L&ast=EL&vt=w&slr=true&cs=1_5320844b&cb=1584875352291&jobListingId=3535203413,json
https://www.glassdoor.com/Job/json/details.htm?pos=101&ao=955442&s=58&guid=0000017101eeac66a45c6f11b62aece4&src=GD_JOB_AD&t=SR&extid=1&exst=E&ist=L&ast=EL&vt=w&slr=true&cs=1_34d7e69f&cb=1584875352292&jobListingId=3535412081,json
https://www.glassdoor.com/Job/json/details.htm?pos=102&ao=358659&s=58&guid=0000017101eeac66a45c6f11b62aece4&src=GD_JOB_AD&t=SR&extid=1&exst=E&ist=L&ast=EL&vt=w&slr=true&cs=1_0faa1a79&cb=1584875352293&jobListingId=3500488698,json
https://www.glassdoor.com/Job/json/details.htm?pos=103&ao=358659&s=58&guid=0000017101eeac66a45c6f11b62aece4&src=GD_JOB_AD&t=SR&extid=1&exst=E&ist=L&ast=EL&vt=w&slr=true&cs=1_9527e7f5&cb=1584875352294&jobListingId=3500489093,json
https://www.glassdoor.com/Job/json/details.htm?pos=104&ao=872068&s=58&guid=0000017101eeac66a45c6f11b62aece4&src=GD_JOB_AD&t=SR&extid=1&exst=E&ist=L&ast=EL&vt=w&slr=true&ea=1&cs=1_218af858&cb=1584875352295&jobListingId=3376258940,json
https://www.glassdoor.com/Job/json/details.htm?pos=105&ao=291479&s=58&guid=0000017101eeac66a45c6f11b62aece4&src=GD_JOB_AD&t=SR&extid=1&exst=E&ist=L&ast=EL&vt=w&slr=true&cs=1_a9e3e524&cb=1584875352296&jobListingId=3535328937,json
https://www.glassdoor.com/Job/json/details.htm?pos=106&ao=702326&s=58&guid=0000017101eeac66a45c6f11b62aece4&src=GD_JOB_AD&t=SR&extid=1&exst=E&ist=L&ast=EL&vt=w&slr=true&cs=1_228f57e2&cb=1584875352297&jobListingId=3294764253,json
https://www.glassdoor.com/Job/json/details.htm?pos=107&ao=955332&s=58&guid=0000017101eeac66a45c6f11b62aece4&src=GD_JOB_AD&t=SR&extid=1&exst=E&ist=L&ast=EL&vt=w&slr=true&cs=1_1513668d&cb=1584875352298&jobListingId=3535605541,json
https://www.glassdoor.com/Job/json/details.htm?pos=108&ao=400784&s=58&guid=0000017101eeac66a45c6f11b62aece4&src=GD_JOB_AD&t=SR&extid=1&exst=E&ist=L&ast=EL&vt=w&slr=true&cs=1_02553f74&cb=1584875352299&jobListingId=3535444565,json
https://www.glassdoor.com/Job/json/details.htm?pos=109&ao=27509&s=58&guid=0000017101eeac66a45c6f11b62aece4&src=GD_JOB_AD&t=SR&extid=1&exst=E&ist=L&ast=EL&vt=w&slr=true&cs=1_c07e1ebd&cb=1584875352300&jobListingId=3535232852,json
https://www.glassdoor.com/Job/json/details.htm?pos=110&ao=215203&s=58&guid=0000017101eeac66a45c6f11b62aece4&src=GD_JOB_AD&t=SR&extid=1&exst=E&ist=L&ast=EL&vt=w&slr=true&cs=1_d873bd94&cb=1584875352301&jobListingId=2647325496,json
https://www.glassdoor.com/Job/json/details.htm?pos=111&ao=964990&s=58&guid=0000017101eeac66a45c6f11b62aece4&src=GD_JOB_AD&t=SR&extid=1&exst=E&ist=L&ast=EL&vt=w&slr=true&cs=1_47aca47b&cb=1584875352302&jobListingId=3535341291,json
https://www.glassdoor.com/Job/json/details.htm?pos=112&ao=784453&s=58&guid=0000017101eeac66a45c6f11b62aece4&src=GD_JOB_AD&t=SR&extid=1&exst=E&ist=L&ast=EL&vt=w&slr=true&cs=1_99d91e9f&cb=1584875352303&jobListingId=3535341333,json
https://www.glassdoor.com/Job/json/details.htm?pos=113&ao=189299&s=58&guid=0000017101eeac66a45c6f11b62aece4&src=GD_JOB_AD&t=SR&extid=1&exst=E&ist=L&ast=EL&vt=w&slr=true&cs=1_fad1fced&cb=1584875352304&jobListingId=3535712625,json
https://www.glassdoor.com/Job/json/details.htm?pos=114&ao=400784&s=58&guid=0000017101eeac66a45c6f11b62aece4&src=GD_JOB_AD&t=SR&extid=1&exst=E&ist=L&ast=EL&vt=w&slr=true&cs=1_4612beef&cb=1584875352305&jobListingId=3535453467,json
https://www.glassdoor.com/Job/json/details.htm?pos=115&ao=961248&s=58&guid=0000017101eeac66a45c6f11b62aece4&src=GD_JOB_AD&t=SR&extid=1&exst=E&ist=L&ast=EL&vt=w&slr=true&cs=1_cb13446c&cb=1584875352306&jobListingId=3535684557,json
https://www.glassdoor.com/Job/json/details.htm?pos=116&ao=189299&s=58&guid=0000017101eeac66a45c6f11b62aece4&src=GD_JOB_AD&t=SR&extid=1&exst=E&ist=L&ast=EL&vt=w&slr=true&cs=1_f9a8b89a&cb=1584875352306&jobListingId=3535222264,json
https://www.glassdoor.com/Job/json/details.htm?pos=117&ao=961248&s=58&guid=0000017101eeac66a45c6f11b62aece4&src=GD_JOB_AD&t=SR&extid=1&exst=E&ist=L&ast=EL&vt=w&slr=true&cs=1_fd6e7419&cb=1584875352313&jobListingId=3535331254,json
https://www.glassdoor.com/Job/json/details.htm?pos=118&ao=8095&s=58&guid=0000017101eeac66a45c6f11b62aece4&src=GD_JOB_AD&t=SR&extid=1&exst=E&ist=L&ast=EL&vt=w&slr=true&ea=1&cs=1_2f82d001&cb=1584875352314&jobListingId=3535415688,json
https://www.glassdoor.com/Job/json/details.htm?pos=119&ao=211114&s=58&guid=0000017101eeac66a45c6f11b62aece4&src=GD_JOB_AD&t=SR&extid=1&exst=E&ist=L&ast=EL&vt=w&slr=true&cs=1_b0f71a5b&cb=1584875352315&jobListingId=3535697956,json
https://www.glassdoor.com/Job/json/details.htm?pos=120&ao=8095&s=58&guid=0000017101eeac66a45c6f11b62aece4&src=GD_JOB_AD&t=SR&extid=1&exst=E&ist=L&ast=EL&vt=w&slr=true&ea=1&cs=1_3e92bbe8&cb=1584875352316&jobListingId=3535415889,json
https://www.glassdoor.com/Job/json/details.htm?pos=121&ao=37049&s=58&guid=0000017101eeac66a45c6f11b62aece4&src=GD_JOB_AD&t=SR&extid=1&exst=E&ist=L&ast=EL&vt=w&slr=true&cs=1_20b97286&cb=1584875352317&jobListingId=3473384396,json
https://www.glassdoor.com/Job/json/details.htm?pos=122&ao=283198&s=58&guid=0000017101eeac66a45c6f11b62aece4&src=GD_JOB_AD&t=SR&extid=1&exst=E&ist=L&ast=EL&vt=w&slr=true&cs=1_5ca6dc0d&cb=1584875352318&jobListingId=3535612795,json
https://www.glassdoor.com/Job/json/details.htm?pos=123&ao=784490&s=58&guid=0000017101eeac66a45c6f11b62aece4&src=GD_JOB_AD&t=SR&extid=1&exst=E&ist=L&ast=EL&vt=w&slr=true&cs=1_931507f8&cb=1584875352319&jobListingId=3473313500,json
https://www.glassdoor.com/Job/json/details.htm?pos=124&ao=955332&s=58&guid=0000017101eeac66a45c6f11b62aece4&src=GD_JOB_AD&t=SR&extid=1&exst=E&ist=L&ast=EL&vt=w&slr=true&cs=1_aab2feac&cb=1584875352320&jobListingId=3535525697,json
https://www.glassdoor.com/Job/json/details.htm?pos=125&ao=133043&s=58&guid=0000017101eeac66a45c6f11b62aece4&src=GD_JOB_AD&t=SR&extid=1&exst=E&ist=L&ast=EL&vt=w&slr=true&cs=1_7815e6de&cb=1584875352321&jobListingId=3473226265,json
https://www.glassdoor.com/Job/json/details.htm?pos=126&ao=133043&s=58&guid=0000017101eeac66a45c6f11b62aece4&src=GD_JOB_AD&t=SR&extid=1&exst=E&ist=L&ast=EL&vt=w&slr=true&cs=1_0ca864cb&cb=1584875352322&jobListingId=3473226714,json
https://www.glassdoor.com/Job/json/details.htm?pos=127&ao=8095&s=58&guid=0000017101eeac66a45c6f11b62aece4&src=GD_JOB_AD&t=SR&extid=1&exst=E&ist=L&ast=EL&vt=w&slr=true&ea=1&cs=1_884aa6d2&cb=1584875352323&jobListingId=1854543453,json
https://www.glassdoor.com/Job/json/details.htm?pos=128&ao=964990&s=58&guid=0000017101eeac66a45c6f11b62aece4&src=GD_JOB_AD&t=SR&extid=1&exst=E&ist=L&ast=EL&vt=w&slr=true&cs=1_9e5c58e0&cb=1584875352324&jobListingId=3535341289,json
https://www.glassdoor.com/Job/json/details.htm?pos=129&ao=961248&s=58&guid=0000017101eeac66a45c6f11b62aece4&src=GD_JOB_AD&t=SR&extid=1&exst=E&ist=L&ast=EL&vt=w&slr=true&cs=1_68748a28&cb=1584875352325&jobListingId=3535336620,json
https://www.glassdoor.com/Job/json/details.htm?pos=101&ao=586841&s=149&guid=0000017101eee6b3a5dcfd1b03e67a6d&src=GD_JOB_AD&t=SRFJ&extid=4&exst=E&ist=L&ast=EL&vt=w&slr=true&cs=1_2e5acb6a&cb=1584875366538&jobListingId=3535203413,json
https://www.glassdoor.com/Job/json/details.htm?pos=101&ao=955442&s=58&guid=0000017101eee6b3a7714389ccae20e6&src=GD_JOB_AD&t=SR&extid=1&exst=E&ist=L&ast=EL&vt=w&slr=true&cs=1_0be7caf5&cb=1584875366540&jobListingId=3535412081,json
https://www.glassdoor.com/Job/json/details.htm?pos=102&ao=358659&s=58&guid=0000017101eee6b3a7714389ccae20e6&src=GD_JOB_AD&t=SR&extid=1&exst=E&ist=L&ast=EL&vt=w&slr=true&cs=1_309a3613&cb=1584875366542&jobListingId=3500488698,json
https://www.glassdoor.com/Job/json/details.htm?pos=103&ao=872068&s=58&guid=0000017101eee6b3a7714389ccae20e6&src=GD_JOB_AD&t=SR&extid=1&exst=E&ist=L&ast=EL&vt=w&slr=true&ea=1&cs=1_df3e32f2&cb=1584875366543&jobListingId=3376258940,json
https://www.glassdoor.com/Job/json/details.htm?pos=104&ao=358659&s=58&guid=0000017101eee6b3a7714389ccae20e6&src=GD_JOB_AD&t=SR&extid=1&exst=E&ist=L&ast=EL&vt=w&slr=true&cs=1_6b932d5f&cb=1584875366545&jobListingId=3500489093,json
https://www.glassdoor.com/Job/json/details.htm?pos=105&ao=291479&s=58&guid=0000017101eee6b3a7714389ccae20e6&src=GD_JOB_AD&t=SR&extid=1&exst=E&ist=L&ast=EL&vt=w&slr=true&cs=1_96d3c94e&cb=1584875366546&jobListingId=3535328937,json
https://www.glassdoor.com/Job/json/details.htm?pos=106&ao=702326&s=58&guid=0000017101eee6b3a7714389ccae20e6&src=GD_JOB_AD&t=SR&extid=1&exst=E&ist=L&ast=EL&vt=w&slr=true&cs=1_1dbf7b88&cb=1584875366547&jobListingId=3294764253,json
https://www.glassdoor.com/Job/json/details.htm?pos=107&ao=955332&s=58&guid=0000017101eee6b3a7714389ccae20e6&src=GD_JOB_AD&t=SR&extid=1&exst=E&ist=L&ast=EL&vt=w&slr=true&cs=1_2a234ae7&cb=1584875366548&jobListingId=3535605541,json
https://www.glassdoor.com/Job/json/details.htm?pos=108&ao=27509&s=58&guid=0000017101eee6b3a7714389ccae20e6&src=GD_JOB_AD&t=SR&extid=1&exst=E&ist=L&ast=EL&vt=w&slr=true&cs=1_b366a474&cb=1584875366550&jobListingId=3535232852,json
https://www.glassdoor.com/Job/json/details.htm?pos=109&ao=400784&s=58&guid=0000017101eee6b3a7714389ccae20e6&src=GD_JOB_AD&t=SR&extid=1&exst=E&ist=L&ast=EL&vt=w&slr=true&cs=1_714d85bd&cb=1584875366551&jobListingId=3535444565,json
https://www.glassdoor.com/Job/json/details.htm?pos=110&ao=964990&s=58&guid=0000017101eee6b3a7714389ccae20e6&src=GD_JOB_AD&t=SR&extid=1&exst=E&ist=L&ast=EL&vt=w&slr=true&cs=1_34b41eb2&cb=1584875366553&jobListingId=3535341291,json
https://www.glassdoor.com/Job/json/details.htm?pos=111&ao=215203&s=58&guid=0000017101eee6b3a7714389ccae20e6&src=GD_JOB_AD&t=SR&extid=1&exst=E&ist=L&ast=EL&vt=w&slr=true&cs=1_ab6b075d&cb=1584875366554&jobListingId=2647325496,json
https://www.glassdoor.com/Job/json/details.htm?pos=112&ao=784453&s=58&guid=0000017101eee6b3a7714389ccae20e6&src=GD_JOB_AD&t=SR&extid=1&exst=E&ist=L&ast=EL&vt=w&slr=true&cs=1_a6e932f5&cb=1584875366555&jobListingId=3535341333,json
https://www.glassdoor.com/Job/json/details.htm?pos=113&ao=189299&s=58&guid=0000017101eee6b3a7714389ccae20e6&src=GD_JOB_AD&t=SR&extid=1&exst=E&ist=L&ast=EL&vt=w&slr=true&cs=1_c5e1d087&cb=1584875366556&jobListingId=3535712625,json
https://www.glassdoor.com/Job/json/details.htm?pos=114&ao=400784&s=58&guid=0000017101eee6b3a7714389ccae20e6&src=GD_JOB_AD&t=SR&extid=1&exst=E&ist=L&ast=EL&vt=w&slr=true&cs=1_79229285&cb=1584875366557&jobListingId=3535453467,json
https://www.glassdoor.com/Job/json/details.htm?pos=115&ao=961248&s=58&guid=0000017101eee6b3a7714389ccae20e6&src=GD_JOB_AD&t=SR&extid=1&exst=E&ist=L&ast=EL&vt=w&slr=true&cs=1_f4236806&cb=1584875366558&jobListingId=3535684557,json
https://www.glassdoor.com/Job/json/details.htm?pos=116&ao=961248&s=58&guid=0000017101eee6b3a7714389ccae20e6&src=GD_JOB_AD&t=SR&extid=1&exst=E&ist=L&ast=EL&vt=w&slr=true&cs=1_8e76ced0&cb=1584875366559&jobListingId=3535331254,json
https://www.glassdoor.com/Job/json/details.htm?pos=117&ao=189299&s=58&guid=0000017101eee6b3a7714389ccae20e6&src=GD_JOB_AD&t=SR&extid=1&exst=E&ist=L&ast=EL&vt=w&slr=true&cs=1_8ab00253&cb=1584875366560&jobListingId=3535222264,json
https://www.glassdoor.com/Job/json/details.htm?pos=118&ao=8095&s=58&guid=0000017101eee6b3a7714389ccae20e6&src=GD_JOB_AD&t=SR&extid=1&exst=E&ist=L&ast=EL&vt=w&slr=true&ea=1&cs=1_10b2fc6b&cb=1584875366561&jobListingId=3535415688,json
https://www.glassdoor.com/Job/json/details.htm?pos=119&ao=211114&s=58&guid=0000017101eee6b3a7714389ccae20e6&src=GD_JOB_AD&t=SR&extid=1&exst=E&ist=L&ast=EL&vt=w&slr=true&cs=1_8fc73631&cb=1584875366563&jobListingId=3535697956,json
https://www.glassdoor.com/Job/json/details.htm?pos=120&ao=37049&s=58&guid=0000017101eee6b3a7714389ccae20e6&src=GD_JOB_AD&t=SR&extid=1&exst=E&ist=L&ast=EL&vt=w&slr=true&cs=1_53a1c84f&cb=1584875366565&jobListingId=3473384396,json
https://www.glassdoor.com/Job/json/details.htm?pos=121&ao=8095&s=58&guid=0000017101eee6b3a7714389ccae20e6&src=GD_JOB_AD&t=SR&extid=1&exst=E&ist=L&ast=EL&vt=w&slr=true&ea=1&cs=1_4d8a0121&cb=1584875366566&jobListingId=3535415889,json
https://www.glassdoor.com/Job/json/details.htm?pos=122&ao=784490&s=58&guid=0000017101eee6b3a7714389ccae20e6&src=GD_JOB_AD&t=SR&extid=1&exst=E&ist=L&ast=EL&vt=w&slr=true&cs=1_e00dbd31&cb=1584875366568&jobListingId=3473313500,json
https://www.glassdoor.com/Job/json/details.htm?pos=123&ao=283198&s=58&guid=0000017101eee6b3a7714389ccae20e6&src=GD_JOB_AD&t=SR&extid=1&exst=E&ist=L&ast=EL&vt=w&slr=true&cs=1_2fbe66c4&cb=1584875366570&jobListingId=3535612795,json
https://www.glassdoor.com/Job/json/details.htm?pos=124&ao=955332&s=58&guid=0000017101eee6b3a7714389ccae20e6&src=GD_JOB_AD&t=SR&extid=1&exst=E&ist=L&ast=EL&vt=w&slr=true&cs=1_9582d2c6&cb=1584875366572&jobListingId=3535525697,json
https://www.glassdoor.com/Job/json/details.htm?pos=125&ao=133043&s=58&guid=0000017101eee6b3a7714389ccae20e6&src=GD_JOB_AD&t=SR&extid=1&exst=E&ist=L&ast=EL&vt=w&slr=true&cs=1_4725cab4&cb=1584875366573&jobListingId=3473226265,json
https://www.glassdoor.com/Job/json/details.htm?pos=126&ao=8095&s=58&guid=0000017101eee6b3a7714389ccae20e6&src=GD_JOB_AD&t=SR&extid=1&exst=E&ist=L&ast=EL&vt=w&slr=true&ea=1&cs=1_fb521c1b&cb=1584875366575&jobListingId=1854543453,json
https://www.glassdoor.com/Job/json/details.htm?pos=127&ao=133043&s=58&guid=0000017101eee6b3a7714389ccae20e6&src=GD_JOB_AD&t=SR&extid=1&exst=E&ist=L&ast=EL&vt=w&slr=true&cs=1_7fb0de02&cb=1584875366576&jobListingId=3473226714,json
https://www.glassdoor.com/Job/json/details.htm?pos=128&ao=964990&s=58&guid=0000017101eee6b3a7714389ccae20e6&src=GD_JOB_AD&t=SR&extid=1&exst=E&ist=L&ast=EL&vt=w&slr=true&cs=1_a16c748a&cb=1584875366578&jobListingId=3535341289,json
https://www.glassdoor.com/Job/json/details.htm?pos=129&ao=961248&s=58&guid=0000017101eee6b3a7714389ccae20e6&src=GD_JOB_AD&t=SR&extid=1&exst=E&ist=L&ast=EL&vt=w&slr=true&cs=1_5744a642&cb=1584875366579&jobListingId=3535336620,json
