0,https://www.glassdoor.com/Job/json/details.htm?pos=101&ao=152945&s=149&guid=00000170f860d326b40cd7746d7c639c&src=GD_JOB_AD&t=SRFJ&extid=4&exst=E&ist=L&ast=EL&vt=w&slr=true&cs=1_b7a0be93&cb=1584715060444&jobListingId=3343807474,json
1,https://www.glassdoor.com/Job/json/details.htm?pos=102&ao=924958&s=149&guid=00000170f860d326b40cd7746d7c639c&src=GD_JOB_AD&t=SRFJ&extid=4&exst=E&ist=L&ast=EL&vt=w&slr=true&ea=1&cs=1_8f173434&cb=1584715060445&jobListingId=3533891976,json
2,https://www.glassdoor.com/Job/json/details.htm?pos=101&ao=946388&s=58&guid=00000170f860d326beb8209e88eee646&src=GD_JOB_AD&t=SR&extid=1&exst=E&ist=L&ast=EL&vt=w&slr=true&cs=1_971999cc&cb=1584715060446&jobListingId=3532921631,json
3,https://www.glassdoor.com/Job/json/details.htm?pos=102&ao=836237&s=58&guid=00000170f860d326beb8209e88eee646&src=GD_JOB_AD&t=SR&extid=1&exst=E&ist=L&ast=EL&vt=w&slr=true&ea=1&cs=1_0ff12577&cb=1584715060447&jobListingId=3373898398,json
4,https://www.glassdoor.com/Job/json/details.htm?pos=103&ao=876654&s=58&guid=00000170f860d326beb8209e88eee646&src=GD_JOB_AD&t=SR&extid=1&exst=E&ist=L&ast=EL&vt=w&slr=true&ea=1&cs=1_ba2a4c67&cb=1584715060448&jobListingId=3199024896,json
5,https://www.glassdoor.com/Job/json/details.htm?pos=104&ao=958950&s=58&guid=00000170f860d326beb8209e88eee646&src=GD_JOB_AD&t=SR&extid=1&exst=E&ist=L&ast=EL&vt=w&slr=true&ea=1&cs=1_189f296d&cb=1584715060449&jobListingId=3498171246,json
6,https://www.glassdoor.com/Job/json/details.htm?pos=105&ao=321795&s=58&guid=00000170f860d326beb8209e88eee646&src=GD_JOB_AD&t=SR&extid=1&exst=E&ist=L&ast=EL&vt=w&slr=true&cs=1_fcfe4608&cb=1584715060450&jobListingId=3533332963,json
7,https://www.glassdoor.com/Job/json/details.htm?pos=106&ao=751780&s=58&guid=00000170f860d326beb8209e88eee646&src=GD_JOB_AD&t=SR&extid=1&exst=E&ist=L&ast=EL&vt=w&slr=true&cs=1_9f84082c&cb=1584715060451&jobListingId=3533496996,json
8,https://www.glassdoor.com/Job/json/details.htm?pos=107&ao=958380&s=58&guid=00000170f860d326beb8209e88eee646&src=GD_JOB_AD&t=SR&extid=1&exst=E&ist=L&ast=EL&vt=w&slr=true&ea=1&cs=1_c38117d7&cb=1584715060452&jobListingId=3161159693,json
9,https://www.glassdoor.com/Job/json/details.htm?pos=108&ao=942121&s=58&guid=00000170f860d326beb8209e88eee646&src=GD_JOB_AD&t=SR&extid=1&exst=E&ist=L&ast=EL&vt=w&slr=true&cs=1_c489ba92&cb=1584715060453&jobListingId=3497750588,json
10,https://www.glassdoor.com/Job/json/details.htm?pos=109&ao=296636&s=58&guid=00000170f860d326beb8209e88eee646&src=GD_JOB_AD&t=SR&extid=1&exst=E&ist=L&ast=EL&vt=w&slr=true&cs=1_bea506b1&cb=1584715060454&jobListingId=3235138855,json
11,https://www.glassdoor.com/Job/json/details.htm?pos=110&ao=894771&s=58&guid=00000170f860d326beb8209e88eee646&src=GD_JOB_AD&t=SR&extid=1&exst=E&ist=L&ast=EL&vt=w&slr=true&ea=1&cs=1_c1f87e2d&cb=1584715060455&jobListingId=3472059645,json
12,https://www.glassdoor.com/Job/json/details.htm?pos=111&ao=863246&s=58&guid=00000170f860d326beb8209e88eee646&src=GD_JOB_AD&t=SR&extid=1&exst=E&ist=L&ast=EL&vt=w&slr=true&ea=1&cs=1_5ebebca4&cb=1584715060456&jobListingId=3471851178,json
13,https://www.glassdoor.com/Job/json/details.htm?pos=112&ao=118619&s=58&guid=00000170f860d326beb8209e88eee646&src=GD_JOB_AD&t=SR&extid=1&exst=E&ist=L&ast=EL&vt=w&slr=true&cs=1_eb11199c&cb=1584715060457&jobListingId=3427406055,json
14,https://www.glassdoor.com/Job/json/details.htm?pos=113&ao=347163&s=58&guid=00000170f860d326beb8209e88eee646&src=GD_JOB_AD&t=SR&extid=1&exst=E&ist=L&ast=EL&vt=w&slr=true&cs=1_7b07269f&cb=1584715060458&jobListingId=3533193134,json
15,https://www.glassdoor.com/Job/json/details.htm?pos=114&ao=954518&s=58&guid=00000170f860d326beb8209e88eee646&src=GD_JOB_AD&t=SR&extid=1&exst=E&ist=L&ast=EL&vt=w&slr=true&cs=1_0c1b8328&cb=1584715060459&jobListingId=3497831153,json
16,https://www.glassdoor.com/Job/json/details.htm?pos=115&ao=118619&s=58&guid=00000170f860d326beb8209e88eee646&src=GD_JOB_AD&t=SR&extid=1&exst=E&ist=L&ast=EL&vt=w&slr=true&cs=1_983d3823&cb=1584715060460&jobListingId=3427406054,json
17,https://www.glassdoor.com/Job/json/details.htm?pos=116&ao=833664&s=58&guid=00000170f860d326beb8209e88eee646&src=GD_JOB_AD&t=SR&extid=1&exst=E&ist=L&ast=EL&vt=w&slr=true&cs=1_4b89fa0b&cb=1584715060461&jobListingId=3126078217,json
18,https://www.glassdoor.com/Job/json/details.htm?pos=117&ao=851843&s=58&guid=00000170f860d326beb8209e88eee646&src=GD_JOB_AD&t=SR&extid=1&exst=E&ist=L&ast=EL&vt=w&slr=true&cs=1_f4996b7c&cb=1584715060462&jobListingId=3498335517,json
19,https://www.glassdoor.com/Job/json/details.htm?pos=118&ao=182387&s=58&guid=00000170f860d326beb8209e88eee646&src=GD_JOB_AD&t=SR&extid=1&exst=E&ist=L&ast=EL&vt=w&slr=true&cs=1_9a92eb36&cb=1584715060463&jobListingId=3533597621,json
20,https://www.glassdoor.com/Job/json/details.htm?pos=119&ao=118619&s=58&guid=00000170f860d326beb8209e88eee646&src=GD_JOB_AD&t=SR&extid=1&exst=E&ist=L&ast=EL&vt=w&slr=true&cs=1_6436ce1e&cb=1584715060464&jobListingId=3497439336,json
21,https://www.glassdoor.com/Job/json/details.htm?pos=120&ao=485504&s=58&guid=00000170f860d326beb8209e88eee646&src=GD_JOB_AD&t=SR&extid=1&exst=E&ist=L&ast=EL&vt=w&slr=true&cs=1_b81cafa5&cb=1584715060465&jobListingId=3497919063,json
22,https://www.glassdoor.com/Job/json/details.htm?pos=121&ao=842539&s=58&guid=00000170f860d326beb8209e88eee646&src=GD_JOB_AD&t=SR&extid=1&exst=E&ist=L&ast=EL&vt=w&slr=true&cs=1_bee396fe&cb=1584715060466&jobListingId=3471611888,json
23,https://www.glassdoor.com/Job/json/details.htm?pos=122&ao=852665&s=58&guid=00000170f860d326beb8209e88eee646&src=GD_JOB_AD&t=SR&extid=1&exst=E&ist=L&ast=EL&vt=w&slr=true&ea=1&cs=1_148c069e&cb=1584715060467&jobListingId=3448936413,json
24,https://www.glassdoor.com/Job/json/details.htm?pos=123&ao=602377&s=58&guid=00000170f860d326beb8209e88eee646&src=GD_JOB_AD&t=SR&extid=1&exst=E&ist=L&ast=EL&vt=w&slr=true&cs=1_f2b06f4d&cb=1584715060468&jobListingId=3532945141,json
25,https://www.glassdoor.com/Job/json/details.htm?pos=124&ao=845004&s=58&guid=00000170f860d326beb8209e88eee646&src=GD_JOB_AD&t=SR&extid=1&exst=E&ist=L&ast=EL&vt=w&slr=true&cs=1_34c716f5&cb=1584715060469&jobListingId=3497891203,json
26,https://www.glassdoor.com/Job/json/details.htm?pos=125&ao=769400&s=58&guid=00000170f860d326beb8209e88eee646&src=GD_JOB_AD&t=SR&extid=1&exst=E&ist=L&ast=EL&vt=w&slr=true&cs=1_3822c495&cb=1584715060470&jobListingId=3533443654,json
27,https://www.glassdoor.com/Job/json/details.htm?pos=126&ao=597367&s=58&guid=00000170f860d326beb8209e88eee646&src=GD_JOB_AD&t=SR&extid=1&exst=E&ist=L&ast=EL&vt=w&slr=true&cs=1_6ef59ab8&cb=1584715060471&jobListingId=3497459183,json
28,https://www.glassdoor.com/Job/json/details.htm?pos=127&ao=915246&s=58&guid=00000170f860d326beb8209e88eee646&src=GD_JOB_AD&t=SR&extid=1&exst=E&ist=L&ast=EL&vt=w&slr=true&cs=1_d483f265&cb=1584715060472&jobListingId=3471471024,json
29,https://www.glassdoor.com/Job/json/details.htm?pos=128&ao=242876&s=58&guid=00000170f860d326beb8209e88eee646&src=GD_JOB_AD&t=SR&extid=1&exst=E&ist=L&ast=EL&vt=w&slr=true&ea=1&cs=1_4d1eff21&cb=1584715060473&jobListingId=3533093990,json
30,https://www.glassdoor.com/Job/json/details.htm?pos=129&ao=845363&s=58&guid=00000170f860d326beb8209e88eee646&src=GD_JOB_AD&t=SR&extid=1&exst=E&ist=L&ast=EL&vt=w&slr=true&cs=1_cca8c427&cb=1584715060474&jobListingId=3497647198,json
